StudentID,Surname,FirstName,Code,sheetName
2000101,Nguyen,Van An,3A,2000101_NguyenVanAn_3A.png
2000102,Nguyen,Truong Bao,3A,2000102_NguyenTruongBao_3A.png
2000103,Tran,Van Cuong,3A,2000103_TranVanCuong_3A.png
2000104,Truong,Thi Diem,3A,2000104_TruongThiDiem_3A.png
2000105,Le,Thanh Em,3A,2000105_LeThanhEm_3A.png
2000106,Truong,Thi Fuc,3A,2000106_TruongThiFuc_3A.png
2000107,Nguyen,Thi Giang,3A,2000107_NguyenThiGiang_3A.png
2000108,Tran,Minh Hang,3A,2000108_TranMinhHang_3A.png
2000109,Huynh,Cong Jack,3A,2000109_HuynhCongJack_3A.png
2000110,Nguyen,Trung Kim,3A,2000110_NguyenTrungKim_3A.png
2000111,Pham,Van Lam,3A,2000111_PhamVanLam_3A.png
2000112,Nguyen,Tran Thien Manh,3A,2000112_NguyenTranThienManh_3A.png
2000113,Nguyen,Bao Ngan,3A,2000113_NguyenBaoNgan_3A.png
2000114,Le,Quang Oach,3A,2000114_LeQuangOach_3A.png
2000115,Pham,Tran Phuong,3A,2000115_PhamTranPhuong_3A.png
2000116,Nguyen,Van Dung,3A,2000116_NguyenVanDung_3A.png
2000117,Le,Thi Thanh Xuan,3A,2000117_LeThiThanhXuan_3A.png
2000118,Doan,Ngoc Khue,3A,2000118_DoanNgocKhue_3A.png
2000119,Tran,Le Ngoc Tram,3A,2000119_TranLeNgocTram_3A.png
2000120,Nguyen,Dac Tan,3A,2000120_NguyenDacTan_3A.png
2000121,Nguyen,Quoc Tuan,3A,2000121_NguyenQuocTuan_3A.png
2000122,Hong,Hoang Ngan,3A,2000122_HongHoangNgan_3A.png
2000123,Le,Thi Thanh An,3A,2000123_LeThiThanhAn_3A.png
2000124,Dang,Hoai Ngoc,3A,2000124_DangHoaiNgoc_3A.png
2000125,Phan,Thi Thao Vy,3A,2000125_PhanThiThaoVy_3A.png
2000126,Phan,Kieu My,3A,2000126_PhanKieuMy_3A.png
2000127,Quy,Nu Bao Truc,3A,2000127_QuyNuBaoTruc_3A.png
2000128,Do,Hoang Ngan,3A,2000128_DoHoangNgan_3A.png
2000129,Ho,Cong Thanh,3A,2000129_HoCongThanh_3A.png
2000130,Le,Thi Nhu Ngoc,3A,2000130_LeThiNhuNgoc_3A.png
2000131,Nguyen,Manh Hung,3A,2000131_NguyenManhHung_3A.png
2000132,Truong,Minh Hoang,3A,2000132_TruongMinhHoang_3A.png
2000133,Nguyen,Van Toan,3A,2000133_NguyenVanToan_3A.png
2000134,Hoang,Thao My,3A,2000134_HoangThaoMy_3A.png
2000135,Vo,Hoai Ngoc,3A,2000135_VoHoaiNgoc_3A.png
2000136,Phan,Boi Tran,3A,2000136_PhanBoiTran_3A.png
2000137,Vu,Thi My Hanh,3A,2000137_VuThiMyHanh_3A.png
2000138,Pham,Thi My Linh,3A,2000138_PhamThiMyLinh_3A.png
2000139,Nguyen,Quang Tri,3A,2000139_NguyenQuangTri_3A.png
2000140,Nguyen,Cong Hung,3A,2000140_NguyenCongHung_3A.png
2000141,Nguyen,Minh Hieu,3A,2000141_NguyenMinhHieu_3A.png
2000142,Nguyen,Cong Hau,3A,2000142_NguyenCongHau_3A.png
2000143,Nguyen,Thi Thuy Duong,3A,2000143_NguyenThiThuyDuong_3A.png
2000144,Tran,Huy Tung,Da,2000144_TranHuyTung3A.png
2000145,Dang,Sang,3A,2000145_DangThanhNga_3A.png
2000146,Ngo,Thi Khanh Ly,3A,2000146_DangSang_3A.png
2000147,Nguyen,Quang Du,3A,2000147_NgoThiKhanhLy_3A.png
2000148,Nguyen,Quang Tan,3A,2000148_NguyenQuangDu_3A.png
2000149,Nguyen,Thi Kim Anh,3A,2000149_NguyenQuangTan_3A.png
